TrackId,Title,Artist,Length
0,Caught Up In You,.38 Special,200
1,Fantasy Girl,.38 Special,219
2,Hold On Loosely,.38 Special,253
3,Hold On Loosely  1981,.38 Special,154
4,Art For Arts Sake,10cc,341
5,Kryptonite,3 Doors Down,221
6,Loser,3 Doors Down,127
7,Take On Me,a-ha,135
8,Back In Black,AC/DC,304
9,Big Gun,AC/DC,305
10,For Those About To Rock,AC/DC,269
11,Girls Got Rhythm,AC/DC,143
12,Hard As A Rock,AC/DC,334
13,Have a Drink On Me,AC/DC,231
14,Hells Bells,AC/DC,205
15,Highway to Hell,AC/DC,237
16,Jailbreak,AC/DC,160
17,Let There Be Rock,AC/DC,189
18,Live Wire,AC/DC,247
19,Money Talks,AC/DC,323
20,Moneytalks,AC/DC,231
21,Night Prowler,AC/DC,334
22,Rock N Roll Train,AC/DC,201
23,Shoot to Thrill,AC/DC,285
24,Shot Down In Flames,AC/DC,326
25,Sin City,AC/DC,264
26,Thunderstruck,AC/DC,327
27,Touch Too Much,AC/DC,313
28,What Do You Do For Money Honey,AC/DC,355
29,Who Made Who,AC/DC,298
30,You Shook Me All Night Long,AC/DC,141
31,How Long,Ace,356
32,Dog On A Leash,Adelitas Way,309
33,Angel,Aerosmith,163
34,Back in the Saddle,Aerosmith,143
35,Big Ten Inch,Aerosmith,312
36,Big Ten Inch Record,Aerosmith,204
37,Come Together,Aerosmith,349
38,Crazy,Aerosmith,317
39,Draw The Line,Aerosmith,128
40,Dream On,Aerosmith,129
41,Dude,Aerosmith,221
42,Jaded,Aerosmith,172
43,Kings and Queens,Aerosmith,133
44,Last Child,Aerosmith,225
45,Let the Music Do the Talking,Aerosmith,191
46,Love In An Elevator,Aerosmith,238
47,Love In an Elevator  1989,Aerosmith,216
48,Mama Kin,Aerosmith,299
49,No More No More,Aerosmith,145
50,One Way Street,Aerosmith,196
51,Pink,Aerosmith,269
52,Rag Doll,Aerosmith,315
53,Same Old Song and Dance,Aerosmith,204
54,Seasons of Wither,Aerosmith,293
55,Sweet Emotion,Aerosmith,152
56,The Other Side,Aerosmith,220
57,TOYS IN THE ATTIC,AEROSMITH,165
58,Walk This Way,Aerosmith,345
59,What It Takes,Aerosmith,159
60,You See Me Crying,Aerosmith,163
61,Hand In My Pocket,Alanis Morissette,192
62,You Oughta Know,Alanis Morissette,268
63,Black Velvet,Alannah Myles,202
64,Fantasy,Aldo Nova,312
65,BE MY LOVER,ALICE COOPER,264
66,Billion Dollar Babies,Alice Cooper,258
67,Eighteen,Alice Cooper,301
68,Elected,Alice Cooper,309
69,House Of Fire,Alice Cooper,224
70,Under My Wheels,Alice Cooper,284
71,Welcome To My Nightmare,Alice Cooper,297
72,Down in a Hole,Alice in Chains,324
73,Man In the Box,Alice In Chains,311
74,No Excuses,Alice In Chains,143
75,Rooster,Alice In Chains,259
76,Them Bones,Alice in Chains,145
77,Blue Sky,Allman Brothers Band,231
78,Good Clean Fun,The Allman Brothers Band,179
79,In Memory Of Elizabeth Reed,The Allman Brothers Band,321
80,Jessica,Allman Brothers Band,148
81,Melissa,The Allman Brothers Band,138
82,Midnight Rider,Allman Brothers Band,311
83,No One To Run With,Allman Brothers Band,187
84,One Way Out,The Allman Brothers Band,146
85,Southbound,Allman Brothers Band,228
86,Statesboro Blues,Allman Brothers Band,317
87,Whipping Post,The Allman Brothers Band,272
88,A Horse With No Name,America,165
89,Sister Golden Hair,America,176
90,Ventura Highway,America,212
91,Immigrant Song,Ann Wilson,308
92,Roller,April Wine,158
93,Hold Your Head Up,Argent,303
94,Coming into Los Angeles,Arlo Guthrie,192
95,Wayside,Artful Dodger,181
96,Heat of the Moment,Asia,224
97,Only Time Will Tell,Asia,133
98,So Into You,Atlanta Rhythm Section,251
99,Spooky,Atlanta Rhythm Section,269
100,Like a Stone,Audioslave,192
101,Blondes In Black Cars,Autograph,338
102,Turn Up the Radio,Autograph,175
103,Rock And Roll Party In The Streets,Axe,204
104,Let It Ride,Bachman & Turner,210
105,Let It Ride  1973,Bachman-Turner Overdrive,163
106,Roll On Down the Highway,Bachman-Turner Overdrive,268
107,Takin Care of Business,Bachman-Turner Overdrive,293
108,Bad Company,Bad Company,214
109,Burning Sky,Bad Company,160
110,Feel Like Making Love,Bad Company,155
111,Gone Gone Gone,Bad Company,300
112,Good Lovin Gone Bad,Bad Company,206
113,Ready for Love,Bad Company,226
114,Rock And Roll Fantasy,Bad Company,233
115,Rock Steady,Bad Company,345
116,Run With The Pack,Bad Company,123
117,Seagull,Bad Company,336
118,Shooting Star,Bad Company,288
119,Silver Blue And Gold, Blue And Gold",147
120,When I See You Smile,Bad English,188
121,No Matter What,Badfinger,198
122,Walks Like A Woman,Baton Rouge,135
123,No Sleep Till Brooklyn,Beastie Boys,285
124,In a Big Country,Big Country,257
125,Rock Around the Clock,Bill Haley,177
126,Cradle of Love,Billy Idol,180
127,Dancing With Myself,Billy Idol,185
128,Eyes Without a Face,Billy Idol,165
129,Mony Mony,Billy Idol,190
130,Rebel Yell,Billy Idol,319
131,White Wedding,Billy Idol,188
132,Allentown,Billy Joel,191
133,Big Shot,Billy Joel,167
134,Captain Jack,Billy Joel,293
135,Goodnight Saigon,Billy Joel,162
136,My Life,Billy Joel,182
137,New York State Of Mind,Billy Joel,354
138,Only the Good Die Young,Billy Joel,330
139,Piano Man,Billy Joel,324
140,Scenes From An Italian Restaurant,Billy Joel,175
141,SCENES FROM AN ITALIAN RESTU,BILLY JOEL,269
142,Sometimes A Fantasy,Billy Joel,312
143,The Ballad Of Billy The Kid,Billy Joel,198
144,The Stranger,Billy Joel,122
145,You May Be Right,Billy Joel,283
146,Baby Come Back,Billy Rankin,352
147,Everybody Wants You,Billy Squier,326
148,In the Dark,Billy Squier,174
149,Lonely Is the Night,Billy Squier,239
150,My Kinda Lover,Billy Squier,343
151,Rock Me Tonight,Billy Squier,344
152,The Stroke,Billy Squier,283
153,Children Of The Sun,Billy Thorpe,281
154,Fairies Wear Boots,Black Sabbath,176
155,Heaven and Hell,Black Sabbath,324
156,Iron Man,Black Sabbath,197
157,Neon Knights,Black Sabbath,321
158,Paranoid,Black Sabbath,158
159,Sweet Leaf,Black Sabbath,137
160,The Wizard,Black Sabbath,341
161,War Pigs,Black Sabbath,261
162,Highway Song,Blackfoot,143
163,TRAIN TRAIN, Train",337
164,Presence of the Lord,Blind Faith,266
165,No Rain,Blind Melon,163
166,All the Small Things,Blink-182,271
167,Call Me,Blondie,221
168,Heart of Glass,Blondie,157
169,One Way or Another,Blondie,341
170, The Reaper,Blue Oyster Cult,128
171,The Reaper,Blue Oyster Cult,169
172,Bucks Boogie,Blue Öyster Cult,295
173,Burning for You,Blue ?yster Cult,350
174,Godzilla,Blue ?yster Cult,209
175,I Love the Night,Blue Öyster Cult,225
176,Summertime Blues,Blue Cheer,261
177,Song 2,Blur,128
178,Just Like A Woman,Bob Dylan,283
179,Like a Rolling Stone,Bob Dylan,131
180,Positively 4th Street,Bob Dylan,309
181,Subterranean Homesick Blues,Bob Dylan,203
182,Tangled Up In Blue,Bob Dylan,147
183,Exodus,Bob Marley,133
184,Jamming,Bob Marley & MC Lyte,139
185,One Love,Bob Marley,184
186,Stir It Up,Bob Marley,171
187,Three Little Birds,Bob Marley & The Wailers,213
188,Against The Wind,Bob Seger,210
189,Come to Poppa,Bob Seger,123
190,Feel Like A Number,Bob Seger,130
191,Get Out of Denver,Bob Seger,196
192,HOLLYWOOD NIGHTS,Bob Seger,257
193,Horizontal Bop,Bob Seger,301
194,THE HORIZONTAL BOP,BOB SEGER,178
195,Katmandu,Bob Seger,173
196,MAINSTREET,BOB SEGER,289
197,Night Moves,Bob Seger,145
198,Old Time Rock and Roll,Bob Seger,304
199,ROCK AND ROLL NEVER FORGETS,BOB SEGER,318
200,Roll Me Away,Bob Seger & The Silver Bullet Band,271
201,STILL THE SAME,BOB SEGER,188
202,SUNSPOT BABY,BOB SEGER,123
203,THE FIRE DOWN BELOW,BOB SEGER,325
204,Turn On Your Love Light,Bob Seger,281
205,TURN THE PAGE,BOB SEGER,166
206,Bad Medicine,Bon Jovi,184
207,Blaze Of Glory,Bon Jovi,133
208,Born To Be My Baby,Bon Jovi,142
209,Lay Your Hands On Me,Bon Jovi,161
210,Living On A Prayer,Bon Jovi,240
211,Raise Your Hands,Bon Jovi,209
212,Runaway,Bon Jovi,312
213,Wanted Dead Or Alive,Bon Jovi,194
214,You Give Love a Bad Name,Bon Jovi,192
215,Wait For You,Bonham,176
216,GREEN ONIONS,BOOKER T & THE MGS,240
217,Amanda,Boston,182
218,Cool The Engines,Boston,307
219,Hitch A Ride,Boston,216
220,Let Me Take You Home Tonight,Boston,247
221,More Than a Feeling,Boston,182
222,Party,Boston,244
223,Peace of Mind,Boston,299
224,Rock And Roll Band,Boston,149
225,ROCK N ROLL BAND,BOSTON,252
226,Smokin,Boston,135
227,Something About You,Boston,275
228,Used To Bad News,Boston,227
229,Lido Shuffle,Boz Scaggs,184
230,Lowdown,Boz Scaggs,255
231,Tarkio Road,Brewer & Shipley,272
232,THE WAY IT IS,BRUCE HORNSBY,348
233,Atlantic City,Bruce Springsteen,257
234,Backstreets,Bruce Springsteen,157
235,Badlands,Bruce Springsteen,252
236,Blinded By the Light,Bruce Springsteen,168
237,Born In The USA,Bruce Springsteen & the E Street Band,291
238,Born to Run,Bruce Springsteen,260
239,Cover Me,Bruce Springsteen,150
240,Dancing In the Dark,Bruce Springsteen,133
241,Glory Days,Bruce Springsteen,230
242,HUNGRY HEART,BRUCE SPRINGSTEEN,143
243,Jersey Girl,Bruce Springsteen,298
244,Jungleland,Bruce Springsteen,332
245,Pink Cadillac,Bruce Springsteen,140
246,Prove It All Night,Bruce Springsteen,298
247,Racing in the Streets,Bruce Springsteen & the E Street Band,332
248,Rosalita,Bruce Springsteen,341
249,SPIRIT IN THE NIGHT,BRUCE SPRINGSTEEN,146
250,Tenth Avenue Freeze Out,Bruce Springsteen,285
251,Thunder Road,Bruce Springsteen,353
252,Cuts Like a Knife,Bryan Adams,272
253,Heaven,Bryan Adams,258
254,Run to You,Bryan Adams,127
255,Somebody,Bryan Adams,355
256,Sorry,Buckcherry,197
257,Comedown,Bush,357
258,Machinehead,Bush,300
259,Far Behind,Candlebox,271
260,Going Up the Country,Canned Heat,349
261,On the Road Again,Canned Heat,280
262,Oh Very Young,Cat Stevens,349
263,WILD WORLD,CAT STEVENS,215
264,In America,Charlie Daniels,193
265,Long Haired Country Boy,Charlie Daniels Band,172
266,The Devil Went Down To Georgia,Charlie Daniels Band,187
267,The Legend Of Wooley Swamp,Charlie Daniels Band,120
268,Uneasy Rider,Charlie Daniels,165
269,Dream Police,Cheap Trick,335
270,I Want You to Want Me,Cheap Trick,302
271,Surrender,Cheap Trick,224
272,Take Out The Gunman,CHEVELLE,267
273,25 Or 6 To 4,Chicago,211
274,Twenty Five or 6 to 4,Chicago,170
275,Beginnings,Chicago,314
276,Feeling Stronger Every,Chicago,130
277,JUST YOU AND ME,CHICAGO,252
278,Make Me Smile,Chicago,242
279,Questions 67 and 68,Chicago,358
280,Saturday In the Park,Chicago,276
281,South California Purples,Chicago,353
282,Coming Home,Cinderella,340
283,Gypsy Road,Cinderella,322
284,Somebody Save Me,Cinderella,306
285,Better Off Without You,Clarks,193
286,Born Too Late,Clarks,262
287,Cigarette,Clarks,249
288,Hey You,Clarks,293
289,Maybe,Clarks,350
290,Penny On The Floor,Clarks,276
291,The River,Clarks,317
292,December,Collective Soul,131
293,Shine,Collective Soul,143
294,The World I Know,Collective Soul,206
295,Hot Rod Lincoln,Commander Cody,158
296,Monkey Bars,Coney Hatch,331
297,Low,Cracker,316
298,Badge,Cream,288
299,Born Under A Bad Sign,Cream,130
300,Crossroads,Cream,328
301,Sunshine of Your Love,Cream,180
302,Tales Of Brave Ulysses,Cream,125
303,White Room,Cream,344
304,Higher,Creed,137
305,My Sacrifice,Creed,255
306,With Arms Wide Open,Creed,247
307,Bad Moon Rising,Creedence Clearwater Revival,288
308,Born On the Bayou,Creedence Clearwater Revival,194
309,Commotion,Creedence Clearwater Revival,295
310,Down On the Corner,Creedence Clearwater Revival,238
311,Fortunate Son,CCR,275
312,Green River,Creedence Clearwater Revival,307
313,Have You Ever Seen The Rain,C.C.R.,326
314,I HEARD IT THROUGH THE GRAPE,CREEDENCE CLEARWATER REVIVAL,133
315,I Heard It through the Grapevi,CCR,174
316,I HEARD IT THROUGH THE GRAPEVINE,CREEDENCE CLEARWATER REVIVAL,341
317,LODI,CCR,296
318,PROUD MARY,CCR,243
319,Run Through the Jungle,Creedence Clearwater Revival,270
320,RUN THRU THE JUNGLE,CREEDENCE CLEARWATER REVIVAL,226
321,Suzie Q,Creedence Clearwater Revival,316
322,Sweet Hitch Hiker,CCR,329
323,The Midnight Special,Creedence Clearwater Revival,243
324,Up Around The Bend,Creedence Clearwater Revival,302
325,Fire Woman,Cult,164
326,Helplessly Hoping,"Crosby,195
327,Long Time Gone,"David Crosby,229
328,Southern Cross,"Crosby,204
329,Suite judy blue eyes,CSN,200
330,Carry On,"Crosby,271
331,Ohio,"Crosby,180
332,Woodstock,"Crosby,147
333,High Enough,Damn Yankees,273
334,I HEAR YOU KNOCKING,DAVE EDMUNDS,124
335,Headkeeper,Dave Mason,134
336,Only You Know And I Know,Dave Mason,244
337,We Just Disagree,Dave Mason,356
338,Welcome To The Boomtown,David & David,269
339,Changes,David Bowie,188
340,China Girl,David Bowie,303
341,Diamond Dogs,David Bowie,123
342,FAME,DAVID BOWIE,180
343,Fashion,David Bowie,279
344,Friday on My Mind,David Bowie,194
345,Golden Years,David Bowie,131
346,Heroes,David Bowie,207
347,Jean Genie,David Bowie,190
348,The Jean Genie,David Bowie,242
349,Modern Love,David Bowie,130
350,Panic in Detroit,David Bowie,260
351,Rebel Rebel,David Bowie,139
352,Space Oddity,David Bowie,172
353,Starman,David Bowie,183
354,Stay,David Bowie,154
355,Suffragette City,David Bowie,326
356,Young Americans,David Bowie,224
357,Ziggy Stardust,David Bowie,321
358,Rock On,David Essex,158
359,Frenchette,David Johansen,283
360,California Girls,David Lee Roth,184
361,Yankee Rose,David Lee Roth,317
362,Burn,Deep Purple,250
363,Child In Time,Deep Purple,223
364,Highway Star,Deep Purple,352
365,Hush,Deep Purple,132
366,Kentucky Woman,Deep Purple,170
367,Knocking At Your Backdoo,Deep Purple,234
368,Lazy,Deep Purple,346
369,Perfect Strangers,Deep Purple,292
370,Smoke On The Water,Deep Purple,216
371,My Woman From Tokyo,Deep Purple,241
372,Woman From Tokyo,Deep Purple,202
373,Animal,Def Leppard,122
374,Armageddon It,Def Leppard,173
375,Hysteria,Def Leppard,314
376,Love Bites,Def Leppard,222
377,On Through The Night,Def Leppard,173
378,Photograph,Def Leppard,131
379,Pour Some Sugar On Me,Def Leppard,317
380,Rock of Ages,Def Leppard,242
381,Rock Rock,Def Leppard,134
382,Rocket,Def Leppard,193
383,Too Late for Love,Def Leppard,142
384,Enjoy the Silence,Depeche Mode,172
385,Bell Bottom Blues,Derek & the Dominos,163
386,Have You Ever Loved a Woman,Derek & the Dominos,243
387,Layla,Derek & The Dominos,215
388,Recognition,Detective,342
389,ANGELOS,DICK SIEGEL,288
390,Holy Diver,Dio,220
391,Rainbow In The Dark,Dio,189
392,The Last In Line,Dio,317
393,Brothers In Arms,Dire Straits,152
394,Down To The Waterline,Dire Straits,345
395,Expresso Love,Dire Straits,246
396,Industrial Disease,Dire Straits,326
397,Lady Writer,Dire Straits,235
398,Money for Nothing,Dire Straits,238
399,Romeo And Juliet,Dire Straits,326
400,So Far Away,Dire Straits,208
401,Solid Rock,Dire Straits,337
402,Sultans of Swing,Dire Straits,272
403,Walk of Life,Dire Straits,165
404,Counting Blue Cars,Dishwalla,125
405,Drift Away,Dobie Gray,274
406,Alone Again,Dokken,314
407,In My Dreams,Dokken,149
408,Into The Fire,Dokken,218
409,Heavy Metal,Don Felder,337
410,All She Wants to Do Is Dance,Don Henley,160
411,Dirty Laundry,Don Henley,241
412,Sunset Grill,Don Henley,224
413,Boys of Summer,Don Henley,203
414,The Boys of Summer,Don Henley,249
415,The Heart of The Matter,Don Henley,148
416,The Last Worthless Evening,Don Henley,155
417,American Pie,Don McLean,306
418,Love Is Like A Rock,Donnie Iris,201
419,Season of the Witch,Donovan,201
420,Sunshine Superman,Donovan,203
421,COVER OF THE ROLLING STONE,DR. HOOK,352
422,Right Place Wrong Time,Dr. John,167
423,Rio,Duran Duran,209
424,Already Gone,Eagles,249
425,Desperado,Eagles,162
426,Heartache Tonight,Eagles,132
427,Hotel California,Eagles,228
428,In The City,Eagles,124
429,Life In The Fast Lane,Eagles,198
430,New Kid In Town,The Eagles,262
431,One of These Nights,Eagles,144
432,Peaceful Easy Feeling,Eagles,247
433,Seven Bridges Road,Eagles,189
434,Take It Easy,Eagles,128
435,Take It To The Limit,Eagles,347
436,Tequila Sunrise,Eagles,311
437,The Best of My Love,Eagles,335
438,The Long Run,Eagles,318
439,Those Shoes,Eagles,315
440,Victim of Love,Eagles,282
441,Witchy Woman,Eagles,266
442,Baby Hold On,Eddie Money,298
443,Gimme Some Water,Eddie Money,216
444,Take Me Home Tonight,Eddie Money,311
445,Two Tickets to Paradise,Eddie Money,136
446,Frankenstein,Edgar Winter,169
447,Free Ride,Edgar Winter,243
448,WAR,EDWIN STARR,138
449,Do Ya,Electric Light Orchestra,283
450,Evil Woman,Electric Light Orchestra,131
451,Fire On High,Electric Light Orchestra,161
452,Roll Over Beethoven,Electric Light Orchestra,343
453,Strange Magic,Electric Light Orchestra,170
454,Telephone Line,Electric Light Orchestra,188
455,Turn To Stone,Electric Light Orchestra,126
456,All The Girls Love Alice,Elton John,195
457,Bennie And The Jets,Elton John,147
458,Candle In The Win,Elton John,351
459,Candle in the Wind,Elton John,195
460,Captain Fantastic,Elton John,269
461,Crocodile Rock,Elton John,332
462,DANIEL,ELTON JOHN,272
463,Goodbye Yellow Brick Road,Elton John,239
464,Harmony,Elton John,247
465,Honky Cat,Elton John,338
466,Levon,Elton John,208
467,Madman Across The Water,Elton John,261
468,Rocket Man,Elton John,123
469,SOMEONE SAVED MY LIFE TONIGH,ELTON JOHN,308
470,Someone Saved My Life Tonight,Elton John,306
471,Take Me to the Pilot,Elton John,196
472,Teacher I Need You,Elton John,238
473,THE BITCH IS BACK,ELTON JOHN,186
474,Tiny Dancer,Elton John,248
475,Your Song,Elton John,136
476,Fooled around and Fell in Love,Elvin Bishop,254
477,Alison,Elvis Costello,171
478,Pump It Up,Elvis Costello,227
479,Veronica,Elvis Costello,223
480,From the Beginning,"Emerson,264
481,Hoedown,"Emerson,205
482,Karn Evil 9,Emerson Lake & Palmer,180
483,Lucky Man,"Emerson,359
484,Still You Turn Me On,"Emerson,228
485,After Midnight,Eric Clapton,264
486,Bad Love,Eric Clapton,194
487,Call Me the Breeze,Eric Clapton,155
488,Cocaine,Eric Clapton,214
489,Forever Man,Eric Clapton,149
490,I Shot The Sheriff,Eric Clapton,281
491,I Shot The Sherriff,Eric Clapton,254
492,Lay Down Sally,Eric Clapton,156
493,Let It Grow,Eric Clapton,214
494,Let It Rain,Eric Clapton,241
495,Pretending,Eric Clapton,222
496,Tears In Heaven,Eric Clapton,136
497,The Core,Eric Clapton,219
498,Willie and the Hand Jive,Eric Clapton,154
499,Wonderful Tonight,Eric Clapton,251
500,Cliffs Of Dover,Eric Johnson,246
501,The Final Countdown,Europe,357
502,Inside Out,Eve 6,255
503,Santa Monica,Everclear,328
504,The Boys Are Back In Town,Everclear,318
505,More Than Words,Extreme,222
506,Ooh La La,The Faces,354
507,Stay With Me,Faces,324
508,Epic,Faith No More,355
509,House Of Pain,Faster Pussycat,267
510,All The Kings Horses,Firm,301
511,Signs,Five Man Electrical Band,211
512,Blue Letter,Fleetwood Mac,290
513,Dreams,Fleetwood Mac,219
514,Go Your Own Way,Fleetwood Mac,268
515,Gold Dust Woman,FLEETWOOD MAC,169
516,Gypsy,Fleetwood Mac,298
517,Hold Me,Fleetwood Mac,141
518,Hypnotized,Fleetwood Mac,245
519,Landslide,Fleetwood Mac,357
520,Little Lies,Fleetwood Mac,292
521,Monday Morning,Fleetwood Mac,148
522,Never Going Back Again,Fleetwood Mac,255
523,Oh Well,Fleetwood Mac,249
524,Rhiannon,Fleetwood Mac,214
525,Sara,Fleetwood Mac,159
526,Say You Love Me,Fleetwood Mac,224
527,Second Hand News,Fleetwood Mac,356
528,Sentimental Lady,Fleetwood Mac,269
529,The Chain,Fleetwood Mac,237
530,Tusk,Fleetwood Mac,196
531,World Turning,Fleetwood Mac,335
532,You Make Loving Fun,Fleetwood Mac,167
533,HOCUS POCUS,FOCUS,288
534,Dreamer,Foghat,358
535,Fool for the City,Foghat,175
536,I Just Want to Make Love to You,Foghat,314
537,I Just Want To Make Love To You  1972,Foghat,266
538,Slow Ride,Foghat,320
539,Slowride,Foghat,319
540,All My Life,Foo Fighters,237
541,Baker Street,Foo Fighters,188
542,Best of You,Foo Fighters,272
543,Everlong,Foo Fighters,135
544,Learn to Fly,Foo Fighters,351
545,Monkey Wrench,Foo Fighters,199
546,My Hero,Foo Fighters,133
547,The Pretender,Foo Fighters,338
548,These Days,Foo Fighters,310
549,Times Like These,Foo Fighters,131
550,Cold As Ice,Foreigner,290
551,Dirty White Boy,Foreigner,152
552,Double Vision,Foreigner,163
553,Feels Like The First Time,Foreigner,122
554,Head Games,Foreigner,313
555,Hot Blooded,Foreigner,348
556,I Want to Know What Love Is,Foreigner,300
557,Juke Box Hero,Foreigner,183
558,Jukebox Hero,Foreigner,195
559,Love Has Taken Its Toll,Foreigner,144
560,Starrider,Foreigner,172
561,That Was Yesterday,Foreigner,350
562,Urgent,Foreigner,262
563,Waiting for a Girl Like You,Foreigner,201
564,Women,Foreigner,169
565,Peaches En Regalia,Frank Zappa,156
566,All Right Now,Free,279
567,Hemorrhage,Fuel,359
568,Wishing Well,Free,214
569,Maggot Brain,Funkadelic,260
570,CARS,GARY NUMAN,355
571,Dream Weaver,Gary Wright,338
572,Love Is Alive,Gary Wright,349
573,A Trick of the Tail,Genesis,259
574,Abacab,Genesis,171
575,Behind The Lines,Genesis,334
576,Carpet Crawlers,Genesis,226
577,Follow You Follow Me,Genesis,359
578,Just A Job To Do,Genesis,293
579,Land of Confusion,Genesis,279
580,Mama,Genesis,338
581,Man On The Corner,Genesis,312
582,Misunderstanding,Genesis,290
583,No Reply At All,Genesis,190
584,The Lamb Lies Down On Broadway,Genesis,183
585,Turn It On Again,GENESIS,344
586,Give Me Love,George Harrison,165
587,GOT MY MIND SET ON YOU,GEORGE HARRISON,293
588,My Sweet Lord,George Harrison,159
589,Bad to the Bone,George Thorogood,179
590,Delaware Slide,George Thorogood,180
591,Get A Haircut,George Thorogood & The Destroyers,266
592,I Drink Alone,George Thorogood,162
593,Move It On Over,George Thorogood,352
594,One Bourbon One Scotch, One Scotch,293
595,WHO DO YOU LOVE,GEORGE THOROGOOD,306
596,Keep Your Hands To Yourse,Georgia Satellites,288
597,Keep Your Hands To Yourself,Georgia Satellites,198
598,Right Down the Line,Gerry Rafferty,301
599,Found Out About You,Gin Blossoms,120
600,Hey Jealousy,Gin Blossoms,269
601,You Belong to the City,Glenn Frey,296
602,Marakesh Express,"Gold Star Ballroom Orchestra,335
603,Are You Receiving Me,Golden Earring,264
604,Radar Love,Golden Earring,351
605,Twilight Zone,Golden Earring,276
606,Twillight Zone,Golden Earring,207
607,Sundown,Gordon Lightfoot,302
608,Soulshine,Gov't Mule,340
609,Bad Time,Grand Funk Railroad,285
610,The Loco Motion,Grand Funk Railroad,186
611,SOME KIND OF WONDERFUL,GRAND FUNK,356
612,Alabama Getaway,Grateful Dead,237
613,Casey Jones,Grateful Dead,277
614,CHINA TOWN SHUFFLE ,Grateful Dead,124
615,Friend Of The Devil,Grateful Dead,220
616,Hell in a Bucket,Grateful Dead,258
617,Me and Bobby McGee,Grateful Dead,122
618,Scarlet Begonias,Grateful Dead,331
619,Shakedown Street,Grateful Dead,310
620,Sugar Magnolia,Grateful Dead,191
621,Touch of Grey,Grateful Dead,241
622,Turn On Your Lovelight,Grateful Dead,329
623,Mista Bone,Great White,317
624,Once Bitten Twice Shy, Twice Shy",210
625,Rock Me,Great White,311
626,Save Your Love,Great White,216
627,Basket Case,Green Day,334
628,Boulevard Of Broken Dreams,Green Day,195
629,Good Riddance,Green Day,212
630,Longview,Green Day,149
631,When I Come Around,Green Day,199
632,The Break Up Song,Greg Kihn Band,135
633,American Woman,Guess Who,188
634,Friends Of Mine,The Guess Who,195
635,No Sugar Tonight,The Guess Who,347
636,No Time,The Guess Who,241
637,THESE EYES,THE GUESS WHO,303
638,Civil War,Guns N' Roses,313
639,Live and Let Die,Guns N' Roses,244
640,My Michelle,Guns N' Roses,328
641,November Rain,Guns N' Roses,333
642,Paradise City,Guns N' Roses,123
643,Patience,Guns N' Roses,150
644,Used To Love Her,Guns N' Roses,326
645,Welcome to the Jungle,Guns N' Roses,319
646,You Could Be Mine,Guns N' Roses,134
647,Axel F Theme,Harold Faltermeyer,294
648,Jump into the Fire,Harry Nilsson,310
649,Never Been Any Reason,Head East,145
650,All I Wanna Do Is Make Love to You,Heart,264
651,Alone,Heart,194
652,Barracuda,Heart,220
653,Crazy On You,Heart,268
654,Dreamboat Annie,Heart,322
655,Even It Up,Heart,130
656,Heartless,Heart,260
657,How Can I Refuse,Heart,328
658,If Looks Could Kill,Heart,166
659,Kick It Out,Heart,188
660,Little Queen,Heart,346
661,Love Alive,Heart,184
662,Magic Man,Heart,191
663,Mistral Wind,Heart,215
664,Never,Heart,323
665,Nothing At All,Heart,296
666,Rock And Roll,Heart,252
667,Stairway To Heaven,Heart,141
668,Straight On,Heart,278
669,Tell It Like It Is,Heart,330
670,Who Will You Run To,Heart,287
671,House Of Living,Heartsfield,283
672,Sangre Por Sangre,HellYeah,283
673,Grey Ghost,Henry Paul Band,240
674,Long Cool Woman,Hollies,174
675,LONG COOL WOMAN IN A BLACK DRESS,HOLLIES,282
676,New Girl Now,Honeymoon Suite,285
677,ALL YOU ZOMBIES,HOOTERS,327
678,AND WE DANCED,HOOTERS,244
679,I WANT A NEW DRUG,HUEY LEWIS & THE NEWS,124
680,30 Days In the Hole,Humble Pie,234
681,Lust for Life,Iggy Pop,138
682,The Passenger,Iggy Pop,294
683,Radioactive,Imagine Dragons,295
684,Devil Inside,INXS,232
685,Need You Tonight,Inxs,201
686,New Sensation,Inxs,159
687,What You Need,Inxs,263
688,In A Gadda Da Vida,Iron Butterfly,177
689,Flight Of Icarus,Iron Maiden,185
690,Run To The Hills,Iron Maiden,120
691,The Number Of The Beast,Iron Maiden,267
692,The Trooper,Iron Maiden,222
693,Wasted Years,Iron Maiden,356
694,Centerfold,J. Geils Band,316
695,FREEZE FRAME,J. GEILS BAND,281
696,Give It To Me,J. Geils Band,340
697,Houseparty,J. Geils Band,132
698,Looking For A Love,J. Geils Band,124
699,Love Stinks,J. Geils Band,130
700,MUST OF GOT LOST,J. GEILS BAND,290
701,Night Time,J. Geils Band,137
702,Whammer Jammer,J. Geils Band,169
703,Boulevard,Jackson Browne,322
704,Doctor My Eyes,Jackson Browne,288
705,Redneck Friend,Jackson Browne,346
706,Running On Empty,Jackson Browne,214
707,The Road and the Sky,Jackson Browne,219
708,Walk Away,James Gang,240
709,Been Caught Stealing,Jane's Addiction,337
710,Jane Says,Jane's Addiction,195
711,Get It While You Can,Janis Joplin,326
712,Move Over,Janis Joplin,190
713,Piece of My Heart,Big Brother & The Holding Company,129
714,Summertime,Big Brother/Janis Joplin,319
715,Shakedown Cruise,Jay Ferguson,201
716,Thunder Island,Jay Ferguson,328
717,Freeway Jam,Jeff Beck,258
718,Rice Pudding,Jeff Beck,280
719,Somebody to Love,Jefferson Airplane,303
720,White Rabbit,Jefferson Airplane,192
721,Find Your Way Back,Jefferson Starship,249
722,Find Your Way Back  1976,Jefferson Starship,264
723,Jane,Jefferson Starsh,193
724,Ride the Tiger,Jefferson Starship,245
725,We Built This City,Jefferson Starship,142
726,Right Here Right Now,Jesus Jones,232
727,Are You Gonna Be My Girl,Jet,228
728,Cold Hard Bitch,Jet,325
729,Aqualung,Jethro Tull,149
730,Bungle In The Jungle,Jethro Tull,216
731,Cross Eyed Mary,Jethro Tull,139
732,Hymn 43,Jethro Tull,174
733,Living In The Past,Jethro Tull,190
734,Locomotive Breath,Jethro Tull,264
735,Nothing Is Easy,Jethro Tull,202
736,Teacher,Jethro Tull,240
737,Thick As A Brick,Jethro Tull,266
738,TIME IN A BOTTLE,JIM CROCE,286
739,All Along the Watchtower,Jimi Hendrix,349
740,Crosstown Traffic,Jimi Hendrix,302
741,Dolly Dagger,Jimi Hendrix,247
742,FIRE,JIMI HENDRIX,283
743,Foxey Lady,Jimi Hendrix,151
744,Foxy Lady,Jimi Hendrix,154
745,Hey Joe,Jimi Hendrix,155
746,If 6 Was 9,Jimi Hendrix,153
747,Little Wing,Jimi Hendrix,278
748,MANIC DEPRESSION,JIMI HENDRIX,239
749,Purple Haze,Jimi Hendrix,359
750,Red House,Jimi Hendrix,185
751,Stone Free,Jimi Hendrix,183
752,The Wind Cries Mary,Jimi Hendrix,265
753,Third Stone From The Sun,Jimi Hendrix Experience,349
754,Margaritaville,Jimmy Buffett,295
755,Son of a Son of a Sailor,Jimmy Buffett,185
756,Bad Reputation,Joan Jett & The Blackhearts,291
757,CRIMSON AND CLOVER,Joan Jett,334
758,I Hate Myself For Loving,Joan Jett,318
759,I Hate Myself For Loving You,Joan Jett,186
760,I Love Rock and Roll,Joan Jett,334
761,I LOVE ROCK N ROLL,JOAN JETT,353
762,Cry Me a River,Joe Cocker,126
763,FEELING ALRIGHT,JOE COCKER,193
764,The Letter,Joe Cocker,266
765,With A Little Help From My Fri,Joe Cocker,338
766,With A Little Help From My Friends,Joe Cocker,188
767,IS SHE REALLY GOING OUT WITH HIM,JOE JACKSON,271
768,SUMMER SONG,JOE SATRIANI,342
769,A Life Of Illusion,Joe Walsh,173
770,All Night Long,Joe Walsh,189
771,Analog Man,Joe Walsh,286
772,Ordinary Average Guy,Joe Walsh,128
773,Rocky Mountain Way,Joe Walsh,220
774,The Confessor,Joe Walsh,328
775,On the Dark Side,John Cafferty,213
776,Centerfield,John Fogerty,279
777,The Old Man Down The Rd,John Fogerty,201
778,The Old Man Down the Road,John Fogerty,220
779,Imagine,John Lennon,191
780,Instant Karma,John Lennon,222
781,Mind Games,John Lennon,283
782,Watching the Wheels,John Lennon,229
783,Woman,John Lennon,279
784,Again Tonight,John Mellencamp,178
785,Authority Song,John Mellencamp,127
786,Check It Out,John Mellencamp,169
787,Cherry Bomb,John Mellencamp,163
788,Hurts So Good,John Mellencamp,207
789,I Need a Lover,John Mellencamp,311
790,JACK AND DIANE,JOHN MELLENCAMP,292
791,Paper in Fire,John Mellencamp,218
792,Pink Houses,John Mellencamp,257
793,Rain On The Scarecrow,John Mellencamp,172
794,Small Town,John Mellencamp,330
795,What If I Came Knocking,John Mellencamp,332
796,Illegal Smile,John Prine,260
797,I CAN SEE CLEARLY NOW,JOHNNY NASH,254
798,Brickyard Road,Johnny Van Zant,201
799,Shanty,Jonathan Edwards,323
800,Roadrunner,Jonathan Richman,221
801,Any Way You Want It,Journey,251
802,ANYWAY YOU WANT IT,JOURNEY,337
803,City of the Angels,Journey,245
804,Escape,Journey,300
805,Faithfully,Journey,243
806,Feeling That Way,Journey,345
807,Just the Same Way,Journey,266
808,Lights,Journey,271
809,Look Into The Future,Journey,272
810,Only the Young,Journey,304
811,Open Arms,Journey,285
812,Send Her My Love,Journey,309
813,Separate Ways,Journey,197
814,Stone In Love,Journey,243
815,Wheel In the Sky,Journey,184
816,Breaking the Law,Judas Priest,225
817,Diamonds And Rust,Judas Priest,272
818,Electric Eye,Judas Priest,266
819,Heading Out To The Highw,Judas Priest,303
820,Heading Out To The Highway,Judas Priest,288
821,Living After Midnight,Judas Priest,207
822,The Ripper,Judas Priest,122
823,Turbo Lover,Judas Priest,340
824,Simple Man,Junkyard,241
825,Carry On My Wayward Son,Kansas,185
826,Carry On Wayward Son,Kansas,317
827,Dust In The Wind,Kansas,222
828,Play the Game Tonight,Kansas,154
829,Point of Know Return,Kansas,327
830,Just Dropped In,"Kenny Rogers,139
831,Blue On Black,Kenny Wayne Shepherd,159
832,All Summer Long,Kid Rock,152
833,Cowboy,Kid Rock,126
834,If I Say,Kingofthehill,181
835,Sex On Fire,Kings of Leon,318
836,Use Somebody,Kings of Leon,127
837,Beth,Kiss,150
838,Christeen Sixteen,Kiss,166
839,Cold Gin,Kiss,301
840,Detroit Rock City,Kiss,302
841,Lick It Up,Kiss,213
842,Rock and Roll All Night,Kiss,332
843,Rock And Roll All Nite,Kiss,178
844,Rock N Roll All Night,KISS,226
845,Shout It out Loud,Kiss,243
846,Strutter,Kiss,357
847,Tears Are Falling,Kiss,354
848,Long Stick Goes Boom,Krokus,238
849,Screaming In The Night,Krokus,165
850,Stayed Awake All Night,Krokus,125
851,Sex Action,L.A. Guns,272
852,Key To The Rhyme,Lake,146
853,All My Love,Led Zeppelin,261
854,Babe IB4m Gonna Leave You,Led Zeppelin,186
855,Black Dog,Led Zeppelin,331
856,Black Mountain Side,Led Zeppelin,321
857,Boogie With Stu,Led Zeppelin,316
858,Bring It On Home,Led Zeppelin,240
859,Celebration Day,Led Zeppelin,126
860,Communication Breakdown,Led Zeppelin,233
861,Custard Pie,Led Zeppelin,220
862,Dancing Days,Led Zeppelin,134
863,Darlene,Led Zeppelin,194
864,Dazed and Confused,Led Zeppelin,183
865,Down By The Seaside,Led Zeppelin,295
866,Fool In the Rain,Led Zeppelin,288
867,For Your Life,Led Zeppelin,189
868,Four Sticks,Led Zeppelin,142
869,Friends,Led Zeppelin,231
870,GALLOWS POLE,LED ZEPPELIN,288
871,Going to California,Led Zeppelin,289
872,Good Times Bad Times,Led Zeppelin,218
873,Good Times Bad Tmes,Led Zeppelin,143
874,Heartbreaker,Led Zeppelin,165
875,Hey Hey What Can I Do,Led Zeppelin,220
876,HOT DOG,LED ZEPPELIN,302
877,Houses of the Holy,Led Zeppelin,267
878,How Many More Times,Led Zeppelin,335
879,The Immigrant Song,Led Zeppelin,276
880,In My Time of Dying,Led Zeppelin,164
881,In the Evening,Led Zeppelin,255
882,In the Light,Led Zeppelin,195
883,Kashmir,Led Zeppelin,161
884,Misty Mountain Hop,Led Zeppelin,189
885,Moby Dick,Led Zeppelin,317
886,NIGHT FLIGHT,LED ZEPPELIN,321
887,NO QUARTER,LED ZEPPELIN,157
888,Out On The Tiles,Led Zeppelin,313
889,Over the Hills and Far Away,Led Zeppelin,128
890,Ramble On,Led Zeppelin,208
891,Royal Orleans,Led Zeppelin,236
892,South Bound Saurez,Led Zeppelin,192
893,TANGERINE,LED ZEPPELIN,267
894,Ten Years Gone,Led Zeppelin,136
895,Thank You,Led Zeppelin,317
896,The Battle Of Evermore,Led Zeppelin,163
897,The Crunge,Led Zeppelin,177
898,The Lemon Song,Led Zeppelin,307
899,The Ocean,Led Zeppelin,348
900,The Rain Song,Led Zeppelin,302
901,THE ROVER,LED ZEPPELIN,146
902,The Song Remains the Same,Led Zeppelin,230
903,THE WANTON SONG,LED ZEPPELIN,123
904,Trampled Under Foot,Led Zeppelin,277
905,Trampled Underfoot,Led Zepagain,163
906,Traveling Riverside Blues,Led Zeppelin,226
907,Travelling Riverside Blues,Led Zeppelin,165
908,WHAT IS AND WHAT SHOULD NEVE,LED ZEPPELIN,165
909,What Is and What Should Never Be,Led Zeppelin,272
910,When the Levee Breaks,Led Zeppelin,158
911,Whole Lotta Love,Led Zeppelin,214
912,You Shook Me,Led Zeppelin,178
913,YOUR TIME IS GONNA COME,LED ZEPPELIN,131
914,Do You Know What I Mean,Lee Michaels,232
915,Are You Gonna Go My Way,Lenny Kravitz,340
916,Fly Away,Lenny Kravitz,295
917,Stranger In A Strange Land,Leon Russell,337
918,My Own Worst Enemy,Lit,273
919,Close My Eyes Forever,Lita Ford,186
920,Kiss Me Deadly,Lita Ford,353
921,All That You Dream,Little Feat,137
922,Dixie Chicken,Little Feat,228
923,I Alone,Live,160
924,Lightning Crashes,Live,176
925,Cult of Personality,Living Colour,304
926,Bound for the Floor,Local H,279
927,Conquistador,"London Symphony Orchestra,256
928,Midnight Blue,Lou Gramm,327
929,Walk On The Wild Side,Lou Reed,331
930,The Kid Is Hot Tonite,Loverboy,355
931,Turn Me Loose,LOVERBOY,141
932,Working for the Weekend,Loverboy,247
933,Wicked Sensation,Lynch Mob,343
934,Free Bird,Lynyrd Skynyrd,273
935,Freebird,Lynyrd Skynyrd,131
936,Gimme Back My Bullets,Lynyrd Skynyrd,189
937,Gimme Three Steps,Lynyrd Skynyrd,179
938,I Know A Little,Lynyrd Skynyrd,180
939,Saturday Night Special,Lynyrd Skynyrd,225
940,Sweet Home Alabama,Lynyrd Skynyrd,351
941,That Smell,Lynyrd Skynyrd,298
942,The Ballad Of Curtis Loew,Lynyrd Skynyrd,308
943,The Ballad of Curtis Lowe,Lynyrd Skynyrd,203
944,You Got That Right,Lynyrd Skynyrd,195
945,Do Wah Diddy Diddy,Manfred Mann,350
946,Sex and Candy,Marcy Playground,232
947,PARADISE BY THE DASHBOARD LI,MEATLOAF,126
948,Paradise By the Dashboard Light,Meat Loaf,123
949,YOU TOOK THE WORDS RIGHT OUT,MEATLOAF,122
950,You Took The Words Right Out Of My Mouth,Meat Loaf,241
951,DOWN UNDER,MEN AT WORK,341
952,WHO CAN IT BE NOW,MEN AT WORK,263
953,Breadfan,Metallica,185
954,Enter Sandman,Metallica,178
955,Fade to Black,Metallica,128
956,For Whom The Bell Tolls,Metallica,249
957,Fuel,Metallica,140
958,Harvester Of Sorrow,Metallica,269
959,Hero of the Day,Metallica,337
960,Master of Puppets,Metallica,127
961,No Leaf Clover,Metallica,323
962,Nothing Else Matters,Metallica,203
963,One,Metallica,201
964,Sad But True,Metallica,300
965,The Memory Remains,Metallica,350
966,The Unforgiven,Metallica,229
967,Until It Sleeps,Metallica,344
968,Wherever I May Roam,Metallica,164
969,Whiskey In The Jar,Metallica,220
970,My Town,Michael Stanley Band,358
971,Rosewood Bitters,Michael Stanley,297
972,Strike up the Band,Michael Stanley Band,259
973,Beds Are Burning,Midnight Oil,313
974,Devil With the Blue Dress On,Mitch Ryder,187
975,I Melt With You,Modern English,229
976,Sugar Boogie,Molkie Cole,349
977,Flirtin With Disaster,Molly Hatchet,221
978,What Do All The People Know,Monroes,176
979,Bad Motor Scooter,Montrose,175
980,Rock Candy,Montrose,228
981,Girls Girls Girls, Girls,274
982,Home Sweet Home,M?tley Cr?e,182
983,Kickstart My Heart,M?tley Cr?e,237
984,Looks That Kill,M?tley Cr?e,272
985,Piece of Your Action,Motley Crue,278
986,Shout at the Devil,M?tley Cr?e,195
987,Wild Side,Motley Crue,197
988,All the Young Dudes,Mott the Hoople,328
989,Mississippi Queen,Mountain,342
990,Moon Rider,Moxy,343
991,Addicted To That Rush,Mr. Big,156
992,In the Summertime,Mungo Jerry,264
993,Hair of the Dog,Nazareth,289
994,Love Hurts,Nazareth,214
995,Cinnamon Girl,Neil Young,275
996,Down by the River,Neil Young,203
997,Everybody Knows This Is Nowhere,Neil Young & Crazy Horse,279
998,Heart of Gold,Neil Young,163
999,Like a Hurricane,Neil Young,331
1000,Old Man,Neil Young,257
1001,Powderfinger,Neil Young,147
1002,Southern Man,Neil Young,287
1003,Sugar Mountain,Neil Young,136
1004,The Needle and the Damage Done,Neil Young,222
1005,When You Dance I Can Really Love,Neil Young,238
1006,Show Me The Way,Nektar,317
1007,How You Remind Me,Nickelback,284
1008,Rockstar,Nickelback,155
1009,Rumors In The Air,Night Ranger,292
1010,Sister Christian,Night Ranger,148
1011,When You Close Your Eyes,Night Ranger,325
1012,About a Girl,Nirvana,254
1013,All Apologies,Nirvana,208
1014,Come As You Are,Nirvana,172
1015,Dumb,Nirvana,188
1016,In Bloom,Nirvana,338
1017,Lithium,Nirvana,162
1018,On a Plain,Nirvana,135
1019,Polly,Nirvana,216
1020,Smells Like Teen Spirit,Nirvana,232
1021,The Man Who Sold the World,Nirvana,331
1022,Spirit In The Sky,Norman Greenbaum,302
1023,This Is The Time,Nothing More,291
1024,Wonderwall,Oasis,335
1025,STILL THE ONE,ORLEANS,303
1026,If You Wanna Get to Heaven,Ozark Mountain Daredevils,304
1027,If You Want to Get to Heaven,The Ozark Mountain Daredevils,234
1028,Jackie Blue,Ozark Mountain Daredevils,275
1029,Bark At The Moon,Ozzy Osbourne,173
1030,Crazy Train,Ozzy Osbourne,290
1031,Diary Of A Madman,Ozzy Osbourne,204
1032,Flying High Again,Ozzy Osbourne,290
1033,Goodbye To Romance,Ozzy Osbourne,324
1034,No More Tears,Ozzy Osbourne,197
1035,Over the Mountain,Ozzy Osbourne,343
1036,Perry Mason,Ozzy Osbourne,160
1037,Road To Nowhere,Ozzy Osbourne,236
1038,See You on the Other Side,Ozzy Osbourne,271
1039,Shot in the Dark,Ozzy Osbourne,173
1040,Time After Time,Ozzy Osbourne,317
1041,Fire and Ice,Pat Benatar,312
1042,Hell Is for Children,Pat Benatar,220
1043,Hit Me With Your Best Shot,Pat Benatar,207
1044,Invincible,Pat Benatar,325
1045,Love Is A Battlefield,Pat Benatar,286
1046,Shadows of the Night,Pat Benatar,242
1047,Treat Me Right,Pat Benatar,310
1048,We Belong,Pat Benatar,336
1049,You Better Run,Pat Benetar,159
1050,Snortin Whiskey,Pat Travers,157
1051,The Back Seat Of My Car,Paul McCartney / Linda McCartney,186
1052,Too Many People,Paul McCartney / Linda McCartney,196
1053,Another Day,Paul McCartney,165
1054,Band on the Run,Paul McCartney,332
1055,Coming Up,Paul McCartney,233
1056,Day Tripper,Paul McCartney,148
1057,Helen Wheels,Paul McCartney,320
1058,Hello Goodbye,Paul McCartney,190
1059,Helter Skelter,Paul McCartney,314
1060,Hi Hi Hi,Paul Mccartney,311
1061,Jet,Paul McCartney,163
1062,Let Me Roll It,Paul McCartney,193
1063,LISTEN TO WHAT THE MAN SAID,PAUL MCCARTNEY,253
1064,Listen To What The Man Says,Paul McCartney,225
1065,My Love,Paul McCartney,252
1066,1985,Paul McCartney,357
1067,Nineteen Hundred and Eighty Five,Paul McCartney & Wings,209
1068,Silly Love Songs,Paul McCartney,187
1069,With a Little Luck,Paul McCartney,162
1070,50 Ways to Leave Your Lover,Paul Simon,147
1071,Kodachrome,Paul Simon,157
1072,Loves Me Like a Rock,Paul Simon,339
1073,Me And Julio Down By The Schoolyard,Paul Simon,225
1074,You Can Call Me Al,Paul Simon,239
1075,Alive,Pearl Jam,347
1076,Better Man,Pearl Jam,243
1077,Black,Pearl Jam,280
1078,Daughter,Pearl Jam,314
1079,Dissident,Pearl Jam,246
1080,Elderly Woman Behind the Counter in a Small Town,Pearl Jam,289
1081,Even Flow,Pearl Jam,272
1082,Jeremy,Pearl Jam,155
1083,Last Kiss,Pearl Jam,180
1084,Lightning Bolt,Pearl Jam,301
1085,Not for You,Pearl Jam,344
1086,Sirens,Pearl Jam,155
1087,Yellow Ledbetter,Pearl Jam,331
1088,GONNA GET YA,PETE TOWNSHEND,264
1089,Let My Love Open The Doo,Pete Townsend,331
1090,Let My Love Open the Door,Pete Townshend,295
1091,Rough Boys,Pete Townshend,222
1092,Baby I Love Your Way, I Love Your Way",178
1093,Do You Feel Like We Do,Peter Frampton,144
1094,Big Time,Peter Gabriel,336
1095,Games Without Frontiers,Peter Gabriel,314
1096,In Your Eyes,Peter Gabriel,157
1097,Red Rain,Peter Gabriel,324
1098,SHOCK THE MONKEY,PETER GABRIEL,263
1099,Sledgehammer,Peter Gabriel,218
1100,Solsbury Hill,Peter Gabriel,206
1101,In the Air Tonight,Phil Collins,250
1102,Take Me Home,Phil Collins,179
1103,Another Brick In The Wall,Pink Floyd,150
1104,ANOTHER BRICK IN WALL,PINK FLOYD,223
1105,Any Colour You Like,Pink Floyd,230
1106,Arnold Layne,Pink Floyd,335
1107,Astronomy Domine,Pink Floyd,269
1108,Brain Damage,Pink Floyd,191
1109,BREATHE,PINK FLOYD,283
1110,Breathe In The Air,PINK FLOYD,333
1111,Comfortably Numb,Pink Floyd,126
1112,Dogs,Pink Floyd,266
1113,Empty Spaces,Pink Floyd,298
1114,Fearless,Pink Floyd,306
1115,Goodbye Blue Sky,Pink Floyd,184
1116,Have a Cigar,Pink Floyd,124
1117,Learning To Fly,Pink Floyd,266
1118,Money,Pink Floyd,211
1119,Mother,Pink Floyd,187
1120,On The Turning Away,Pink Floyd,198
1121,One Of These Days,Pink Floyd,121
1122,One Slip,Pink Floyd,338
1123,Run Like Hell,Pink Floyd,359
1124,See Emily Play,Pink Floyd,315
1125,Set The Controls For The Heart Of The Sun,Pink Floyd,265
1126,Shine on you crazy diamond,Pink Floyd,252
1127,Take It Back,Pink Floyd,179
1128,The Dogs Of War,Pink Floyd,271
1129,The Great Gig In the Sky,Pink Floyd,340
1130,Time,Pink Floyd,221
1131,Us and Them,Pink Floyd,214
1132,Welcome To The Machine,Pink Floyd,260
1133,Wish You Were Here,Pink Floyd,233
1134,Young Lust,Pink Floyd,277
1135,Every Rose Has Its Thorn,Poison,223
1136,Look What The Cat Dragged In,Poison,131
1137,Something To Believe In,Poison,278
1138,Talk Dirty To Me,Poison,130
1139,A Salty Dog,Procol Harum,216
1140,A Whiter Shade of Pale,Procol Harum,214
1141,Blurry,Puddle of Mudd,337
1142,Amie,Pure Prairie League,255
1143,Another One Bites The Du,Queen,218
1144,Another One Bites the Dust,Queen,324
1145,Bicycle Race,Queen,129
1146,Bohemian Rhapsody,Queen,222
1147,CRAZY LITTLE THING CALLED LO,QUEEN,214
1148,Crazy Little Thing Called Love,Queen,191
1149,Fat Bottomed Girls,Queen,225
1150,Keep Yourself Alive,Queen,197
1151,Killer Queen,Queen,349
1152,One Vision,Queen,169
1153,THESE ARE THE DAYS OF OUR LI,Queen,210
1154,Tie Your Mother Down,Queen,269
1155,Under Pressure,Queen,218
1156,We Are the Champions,Queen,323
1157,We Will Rock You,Queen,216
1158,No One Knows,Queens of the Stone Age,238
1159,Another Rainy Night,Queensryche,210
1160,Eyes Of A Stranger,Queensryche,189
1161,Jet City Woman,Queensryche,182
1162,Silent Lucidity,Queensrÿche,139
1163,Fresh Air,Quicksilver Messenger Service,300
1164,Pride of Man,Quicksilver Messenger Service,339
1165,Bang Your Head,Quiet Riot,179
1166,Cum On Feel the Noize,Quiet Riot,358
1167,Metal Health,Quiet Riot,153
1168,Losing My Religion,R.E.M.,290
1169,Man On The Moon,R.E.M.,315
1170,Orange Crush,R.E.M.,352
1171,Stand,R.E.M.,352
1172,The One I Love,R.E.M.,245
1173,Man On The Silver Mountain,Rainbow,357
1174,Since You Been Gone,Rainbow,236
1175,Stone Cold,Rainbow,127
1176,Street Of Dreams,Rainbow,351
1177,Black Betty,Ram Jam,120
1178,Back for More,Ratt,185
1179,Round and Round,Ratt,349
1180,Breaking the Girl,Red Hot Chili Peppers,284
1181,By the Way,Red Hot Chili Peppers,133
1182,Californication,Red Hot Chili Peppers,122
1183,Dani California,Red Hot Chili Peppers,210
1184,Give It Away,Red Hot Chili Peppers,276
1185,Scar Tissue,Red Hot Chili Peppers,234
1186,Soul to Squeeze,Red Hot Chili Peppers,315
1187,Under the Bridge,Red Hot Chili Peppers,345
1188,Lunatic Fringe,Red Rider,350
1189,Back On The Road Again,REO Speedwagon,293
1190,Golden Country,REO Speedwagon,190
1191,Keep On Loving You,REO Speedwagon,351
1192,Like You Do,REO Speedwagon,198
1193,Roll With the Changes,REO Speedwagon,132
1194,Take It on the Run,REO Speedwagon,232
1195,Time For Me To Fly,REO Speedwagon,280
1196,Back Off Boogaloo,Ringo Starr,232
1197,No No Song,Ringo Starr,248
1198,Addicted to Love,Robert Palmer,121
1199,Bad Case Of Loving You,Robert Palmer,271
1200,Simply Irresistible,Robert Palmer,303
1201,Big Log,Robert Plant,200
1202,In The Mood,"Plant,271
1203,Little By Little,Robert Plant,215
1204,No Easy Way Out,Robert Tepper,336
1205,Little Bit of Sympathy,Robin Trower,218
1206,Too Rolling Stoned,Robin Trower,191
1207,Every Picture Tells A Story,Rod Stewart,300
1208,Hot Legs,Rod Stewart,200
1209,MAGGIE MAE,ROD STEWART,184
1210,Maggie May,Rod Stewart,263
1211,Reason to Believe,Rod Stewart,327
1212,The First Cut Is The Deepest,Rod Stewart,274
1213,You Wear It Well,Rod Stewart,357
1214,Free Me,Roger Daltry,164
1215,The Logical Song,Roger Hodgson,172
1216, Satisfaction,Rolling Stones,331
1217,SATISFACTION,ROLLING STONES,185
1218,19th Nervous Breakdown,The Rolling Stones,266
1219,Almost Hear You Sigh,Rolling Stones,277
1220,Angie,Rolling Stones,319
1221,Beast Of Burden,Rolling Stones,293
1222,Bitch,Rolling Stones,274
1223,Brown Sugar,Rolling Stones,311
1224,CAROL,ROLLING STONES,179
1225,Da Da Doo Ron Ron,The Rolling Stones,230
1226,Dance Little Sister,The Rolling Stones,144
1227,Doo Doo Doo Doo Doo,Rolling Stones,153
1228,Doo Doo Heartbreaker,The Rolling Stones,278
1229,Doom And Gloom,Rolling Stones,236
1230,Emotional Rescue,The Rolling Stones,325
1231,Fortune Teller,The Rolling Stones,157
1232,Get Off My Cloud,A Tribute To Rolling Stones,145
1233,Get Off Of My Cloud,Rolling Stones,132
1234,Gimme Shelter,Rolling Stones,174
1235,Hand of Fate,The Rolling Stones,222
1236,HANG FIRE,ROLLING STONES,254
1237,HAPPY,ROLLING STONES,122
1238,Honky Tonk Women,Rolling Stones,281
1239,Just My Imagination,The Rolling Stones,190
1240,Let It Bleed,The Rolling Stones,204
1241,Midnight Rambler,Rolling Stones,161
1242,Miss You,Rolling Stones,311
1243,Monkey Man,The Rolling Stones,259
1244,PAINT IT BLACK,ROLLING STONES,208
1245,Shattered,Rolling Stones,231
1246,Start Me Up,Rolling Stones,161
1247,Street Fighting Man,The Rolling Stones,252
1248,Sympathy For The Devil,Rolling Stones,248
1249,THE LAST TIME,ROLLING STONES,294
1250,THE SPIDER AND THE FLY,ROLLING STONES,263
1251,TIME IS ON MY SIDE,ROLLING STONES,274
1252,Time Waits for No One,The Rolling Stones,270
1253,Tumbling Dice,Rolling Stones,194
1254,Under My Thumb,Rolling Stones,180
1255,UNDERCOVER OF THE NIGHT,ROLLING STONES,304
1256,Waiting on a Friend,The Rolling Stones,192
1257,WILD HORSES,ROLLING STONES,234
1258,YOU GOT THE SILVER,ROLLING STONES,209
1259,YOU GOTTA MOVE,ROLLING STONES,354
1260,Jumping jack flash,Made famous by Rolling Stones,231
1261,Bullfrog Blues,Rory Gallagher,204
1262,Cry Sister,Royal Bliss,169
1263,Closer to the Heart,Rush,319
1264,Entre Nous,Rush,323
1265,Finding My Way,Rush,264
1266,Fly By Night,Rush,143
1267,Freewill,Rush,296
1268,Limelight,Rush,225
1269,New World Man,Rush,181
1270,Red Barchett,Rush,285
1271,Red Barchetta,Rush,169
1272,Subdivisions,Rush,294
1273,Test For Echo,Rush,359
1274,The Spirit of Radio,Rush,250
1275,The Trees,Rush,175
1276,Tom Sawyer,Rush,279
1277,Working Man,Rush,124
1278,YYZ,Rush,299
1279,Voices,Russ Ballard,306
1280,On The Loose,Saga,126
1281,SOUL MAN,SAM & DAVE,174
1282,Plain Jane,Sammy Hagar,346
1283,Red,Sammy Hagar,238
1284,Three Lock Box,Sammy Hagar,230
1285,Turn Up The Music  1977,Sammy Hagar,338
1286,Black Magic Woman,Santana,201
1287,Europa,Santana,318
1288,Evil Ways,Santana,192
1289,Jingo,Santana,297
1290,No One to Depend On,Santana,186
1291,Oye Como Va,Santana,167
1292,Smooth,Santana,235
1293,Soul Sacrifice,Santana,176
1294,Well All Right,Santana,237
1295,Winning,Santana,272
1296,The Warrior,Scandal,124
1297,3 Strange Days,School Of Fish,358
1298,Big City Nights,Scorpions,282
1299,Blackout,Scorpions,303
1300,Holiday,Scorpions,329
1301,Loving You Sunday Morning,Scorpions,277
1302,No One Like You,Scorpions,140
1303,Rhythm Of Love,Scorpions,336
1304,ROCK YOU LIKE A HURRICAN,The Scorpions,228
1305,Rock You Like a Hurricane,Scorpions,239
1306,Still Loving You,Scorpions,270
1307,The Zoo,Scorpions,218
1308,Wind Of Change,Scorpions,296
1309,Remedy,Seether,221
1310,Words As Weapons,Seether,235
1311,God Save The Queen,Sex Pistols,312
1312,No Turning Back,Sherbs,164
1313,45,Shinedown,207
1314,America,Simon & Garfunkel,313
1315,CECILIA,SIMON & GARFUNKEL,262
1316,SOUNDS OF SILENCE,SIMON & GARFUNKEL,234
1317,THE SOUND OF SILENCE,SIMON & GARFUNKEL,288
1318,The Sounds Of Silence,Simon & Garfunkel,186
1319,18 And Life,Skid Row,182
1320,I Remember You,Skid Row,202
1321,Youth Gone Wild,Skid Row,330
1322,Fly To The Angels,Slaughter,121
1323,All Star,Smash Mouth,200
1324,1979,Smashing Pumpkins,148
1325,Bullet With Butterfly Wings,Smashing Pumpkins,200
1326,Today,Smashing Pumpkins,354
1327,Tainted Love,Soft Cell,323
1328,Black Hole Sun,Soundgarden,299
1329,Burden in My Hand,Soundgarden,300
1330,Fell On Black Days,Soundgarden,355
1331,Spoonman,Soundgarden,265
1332,The Fever,Southside Johnny,326
1333,Two Princes,Spin Doctors,333
1334,Black Coffee In Bed,Squeeze,329
1335,Pulling Mussels,Squeeze,198
1336,Tempted,Squeeze,335
1337,My Demons,Starset,166
1338,STUCK IN THE MIDDLE,STEALERS WHEEL,357
1339,Stuck In The Middle With You,Stealers Wheel,153
1340,BLACK COW,STEELY DAN,230
1341,Deacon Blues,Steely Dan,228
1342,Dirty Work,Steely Dan,146
1343,Do It Again,Steely Dan,332
1344,Hey Nineteen,Steely Dan,275
1345,Peg,Steely Dan,265
1346,Reeling in the Years,Steely Dan,246
1347,Treetop Flyer,Stephen Stills,287
1348,Born to Be Wild,Steppenwolf,354
1349,Magic Carpet Ride,Steppenwolf,300
1350,Copperhead Road,Steve Earle,311
1351,Abracadabra,Steve Miller,323
1352,Fly Like an Eagle,Steve Miller,338
1353,Jet Airliner,Steve Miller,323
1354,Jungle Love,Steve Miller,121
1355,Mercury Blues,Steve Miller,155
1356,Space Cowboy,Steve Miller,252
1357,Swingtown,Steve Miller,193
1358,Take the Money and Run,Steve Miller,126
1359,The Joker,Steve Miller,238
1360,The Stake,Steve Miller Band,240
1361,True Fine Love,Steve Miller,173
1362,Oh Sherrie,Steve Perry,155
1363,Back In the High Life Again,Steve Winwood,209
1364,Higher Love,Steve Winwood,292
1365,Roll With It,Steve Winwood,147
1366,WHILE YOU SEE A CHANCE,STEVE WINWOOD,314
1367,Edge of Seventeen,Stevie Nicks,286
1368,Leather and Lace,Stevie Nicks,255
1369,Stand Back,Stevie Nicks,330
1370,Cold Shot,Stevie Ray Vaughan,220
1371,Crossfire,Stevie Ray Vaughan,226
1372,Life by the Drop,Stevie Ray Vaughan,268
1373,Look At Little Sister,Stevie Ray Vaughan & Double Trouble,344
1374,Pride And Joy,Stevie Ray Vaughan,203
1375,Taxman,Stevie Ray Vaughan,306
1376,Texas Flood,Stevie Ray Vaughan,252
1377,The Sky Is Crying,Stevie Ray Vaughan & Double Trouble,199
1378,Tightrope,Stevie Ray Vaughan,156
1379,SUPERSTITION,STEVIE WONDER,182
1380,Fortress Around Your Heart,Sting,158
1381,If You Love Somebody Set Them Free,Sting,269
1382,Big Empty,Stone Temple Pilots,207
1383,Creep,Stone Temple Pilots,197
1384,Interstate Love Song,Stone Temple Pilots,333
1385,Lady Picture Show,Stone Temple Pilots,309
1386,Plush,Stone Temple Pilots,348
1387,Sex Type Thing,Stone Temple Pilots,180
1388,Vasoline,Stone Temple Pilots,324
1389,Rock This Town,Stray Cats,163
1390,Stray Cat Strut,Stray Cats,149
1391,To Hell With the Devil,Stryper,177
1392,The Isle Of Debris,Stu Nunnery,321
1393,Blue Collar Man,Styx,237
1394,Come Sail Away,Styx,249
1395,Crystal Ball,Styx,274
1396,Fooling Yourself,Styx,241
1397,GRAND ILLUSION,STYX,358
1398,Lady,Styx,182
1399,Light Up,Styx,322
1400,Lorelei,Styx,354
1401,Renegade,Styx,340
1402,Suite Madame Blue,Styx,220
1403,The Grand Illusion,Styx,156
1404,Too Much Time On My Hands,Styx,252
1405,What I Got,Sublime,272
1406,Wrong Way,Sublime,290
1407,Fly,Sugar Ray,244
1408,Green Eyed Lady,Sugarloaf,352
1409,Bloody Well Right,Supertramp,306
1410,Breakfast In America,Supertramp,296
1411,Give a Little Bit,Supertramp,141
1412,Goodbye Stranger,Supertramp,341
1413,Take the Long Way Home,Supertramp,339
1414,LOGICAL SONG,SUPERTRAMP,145
1415,Eye of the Tiger,Survivor,295
1416,Ballroom Blitz,Sweet,354
1417,The Ballroom Blitz,Sweet,326
1418,Fox On The Run,Sweet,158
1419,Love Is Like Oxygen,Sweet,159
1420,Bang a Gong,T. Rex,316
1421,Jeepster,T. Rex,196
1422,And She Was,Talking Heads,149
1423,Burning Down the House,Talking Heads,180
1424,Life During Wartime,Talking Heads,160
1425,Once In A Lifetime,Talking Heads,224
1426,Psycho Killer,Talking Heads,333
1427,Stay Up Late,Talking Heads,224
1428,Take Me To The River,Talking Heads,317
1429,Wild Wild Life,Talking Heads,327
1430,Everybody Wants to Rule the World,Tears for Fears,326
1431,Head Over Heels,Tears for Fears,283
1432,Shout,Tears for Fears,171
1433,Cat Scratch Fever,Ted Nugent,306
1434,Dog Eat Dog,Ted Nugent,303
1435,Free for All,Ted Nugent,196
1436,Great White Buffalo,Ted Nugent,316
1437,Stranglehold,Ted Nugent,230
1438,Wango Tango,Ted Nugent,323
1439,Hunger Strike,Temple Of The Dog,239
1440,Little Suzi,Tesla,265
1441,Love Song,Tesla,197
1442,Modern Day Cowboy,Tesla,347
1443,Breakdown,Alan Parsons,305
1444,Eye In the Sky,The Alan Parsons Project,180
1445,Games People Play,The Alan Parsons Project,178
1446,Rain In the Summertime,The Alarm (IRS),340
1447,Journey to the Center of the Mind,The Amboy Dukes,143
1448,HOUSE OF THE RISING SUN,ANIMALS,348
1449,THE HOUSE OF THE RISING SUN,THE ANIMALS,260
1450,MONTEREY,ANIMALS,331
1451,San Franciscan Nights,The Animals,176
1452,Spill the Wine,"The Animals,134
1453,Love Shack,The B-52's,353
1454,Roam,The B-52's,175
1455,Back On My Feet Again,The Babys,257
1456,Chest Fever,The Band,127
1457,The Night They Drove Old Dixie Down,The Band,220
1458,The Weight,The Band,358
1459,Up On Cripple Creek,The Band,165
1460,Good Vibrations,Beach Boys,225
1461,A Day In The Life,Beatles,275
1462,Across The Universe,Beatles,270
1463,All My Loving,Beatles,174
1464,ALL YOU NEED IS LOVE,BEATLES,261
1465,And Your Bird Can Sing,The Beatles,197
1466,ANYTIME AT ALL,BEATLES,173
1467,BAD BOY,BEATLES,312
1468,BALLAD OF JOHN AND YOKO,BEATLES,185
1469,Birthday,Beatles,233
1470,Blackbird,Beatles,314
1471,Cry For A Shadow,Beatles,171
1472,Dear Prudence,The Beatles,194
1473,Drive My Car,Beatles,284
1474,Eight Days A Week,Beatles,237
1475,Eleanor Rigby,Beatles,208
1476,Fixing A Hole,Beatles,289
1477,From Me To You,Beatles,157
1478,Get Back,Beatles,149
1479,Getting Better,The Beatles,349
1480,GIRL,BEATLES,213
1481,Good Day Sunshine,Beatles,177
1482,Got To Get You Into My Life,Beatles,140
1483,Here Comes The Sun,Beatles,124
1484,Hey Jude,Beatles,294
1485,I AM THE WALRUS,BEATLES,337
1486,I Feel Fine,Beatles,182
1487,I SAW HER STANDING THERE,BEATLES,218
1488,I WANNA HOLD YOUR HAND,THE BEATLES,217
1489,I Want To Hold Your Hand,Beatles,138
1490,I Want You,Beatles,232
1491,IN MY LIFE,BEATLES,200
1492,Lady Madonna,Beatles,176
1493,Let It Be,Beatles,340
1494,LITTLE CHILD,BEATLES,327
1495,Love Me Do,The Beatles,298
1496,Lovely Rita,Beatles,355
1497,LUCY IN THE SKY WITH DIAMONDS,BEATLES,208
1498,Magical Mystery Tour,Beatles,351
1499,Norwegian Wood,Beatles,247
1500,NOWHERE MAN,THE BEATLES,151
1501,OH DARLING,BEATLES,171
1502,Paperback Writer,Beatles,326
1503,Penny Lane,The Beatles,188
1504,Please Please Me,Beatles,313
1505,Revolution,Beatles,232
1506,ROCK AND ROLL MUSIC,BEATLES,311
1507,Rocky Raccoon,Beatles,342
1508,ROCKY RACOON,BEATLES,228
1509,She Loves You,Beatles,241
1510,SOMETHING,BEATLES,189
1511,STRAWBERRY FIELDS,BEATLES,175
1512,Strawberry Fields Forever,Beatles,177
1513,Sun King,The Beatles,280
1514,The Ballad Of John And Yoko,Beatles,148
1515,THE CONTINUING STORY OF BUNG,BEATLES,246
1516,The Fool On The Hill,Beatles,236
1517,The Long And Winding Road,Beatles,249
1518,The Word,Beatles,258
1519,Things We Said Today,Beatles,347
1520,Ticket to Ride,The Beatles,249
1521,TWIST AND SHOUT,BEATLES,307
1522,Two Of Us,Beatles,128
1523,We Can Work It Out,Beatles,320
1524,While My Guitar Gently Weeps,Beatles,356
1525,Wild Honey Pie,The Beatles,286
1526,With a Little Help of My Friends,The Beatles,229
1527,Yellow Submarine,Beatles,236
1528,Yesterday,Beatles,191
1529,YOU NEVER GIVE ME YOUR MONEY,BEATLES,349
1530,YOUR MOTHER SHOULD KNOW,BEATLES,151
1531,A Conspiracy,The Black Crowes,336
1532,Gone,The Black Crowes,230
1533,Good Friday,The Black Crowes,328
1534,Goodbye Daughters of the Revolution,The Black Crowes,174
1535,Hard To Handle,Black Crowes,155
1536,Hotel Illness,The Black Crowes,172
1537,Jealous Again,Black Crowes,269
1538,She Talks To Angels,Black Crowes,254
1539,Thorn In My Pride,The Black Crowes,174
1540,Twice As Hard,Black Crowes,223
1541,Gold On The Ceiling,Black Keys,300
1542,Lonely Boy,Black Keys,269
1543,Eight Miles High,The Byrds,348
1544,Bye Bye Love,Cars,310
1545,Dangerious Type,Cars,166
1546,DANGEROUS TYPE,CARS,315
1547,Drive,Cars,343
1548,Good Times Roll,Cars,168
1549,Hello Again,Cars,173
1550,Just What I Needed,Cars,194
1551,Magic,The Cars,145
1552,Moving In Stereo,Cars,308
1553,SHAKE IT UP,CARS,166
1554,Tonight She Comes,Cars,334
1555,YOU MIGHT THINK,CARS,195
1556,Clampdown,The Clash,234
1557,I Fought The Law,Clash,207
1558,London Calling,Clash,129
1559,Rock The Casbah,Clash,246
1560,Should I Stay Or Should,The Clash,262
1561,SHOULD I STAY OR SHOULD I GO,CLASH,344
1562,TRAIN IN VAIN,CLASH,139
1563,Black Water,Doobie Brothers,326
1564,China Grove,Doobie Brothers,277
1565,Jesus Is Just Alright,Doobie Brothers,290
1566,Listen To The Music,Doobie Brothers,215
1567,Long Train Running,The Doobie Brothers,358
1568,Natural Thing,The Doobie Brothers,328
1569,ROCKIN DOWN THE HIGHWAY,The Doobie Brothers,181
1570,South City Midnight Lady,The Doobie Brothers,247
1571,Take Me In Your Arms,Doobie Brothers,212
1572,What a Fool Believes,The Doobie Brothers,130
1573,Wheels Of Fortune,The Doobie Brothers,288
1574,Back Door Man,Doors,244
1575,Break On Through,Doors,201
1576,Five To One,Doors,260
1577,Gloria,Doors,346
1578,HELLO I LOVE YOU, I Love You",244
1579,Light My Fire,Doors,149
1580,Love Her Madly,Doors,312
1581,Love Me Two Times,Doors,128
1582,Moonlight Drive,Doors,193
1583,Peace Frog,Doors,304
1584,People Are Strange,Doors,352
1585,Riders On The Storm,Doors,231
1586,Roadhouse Blues,Doors,263
1587,Soul Kitchen,Doors,166
1588,The Changeling,Doors,232
1589,The Crystal Ship,Doors,210
1590,Touch Me,Doors,240
1591,Twentieth Century Fox,The Doors,167
1592,Waiting For The Sun,Doors,199
1593,Tuff Enuff,The Fabulous Thunderbirds,180
1594,One Thing Leads To Another,Fixx,323
1595,Saved By Zero,The Fixx,147
1596,Iris,The Goo Goo Dolls,205
1597,A Well Respected Man,Kinks,212
1598,All Day And All Of The Night,Kinks,201
1599,Apeman,Kinks,227
1600,Come Dancing,The Kinks,319
1601,Destroyer,Kinks,198
1602,Lola,Kinks,154
1603,Sunny Afternoon,The Kinks,281
1604,Superman,The Kinks,355
1605,Tired of Waiting,The Kinks,170
1606,Victoria,Kinks,283
1607,Waterloo Sunset,Kinks,292
1608,You Really Got Me,Kinks,270
1609,My Sharona,The Knack,179
1610,Summer In the City,The Lovin' Spoonful,250
1611,HEARD IT IN A LOVE SONG,MARSHALL TUCKER BAND,294
1612,Take The Highway,Marshall Tucker Band,331
1613,Question,The Moody Blues,278
1614,Ride My See Saw,The Moody Blues,195
1615,The Story In Your Eyes,The Moody Blues,120
1616,Your Wildest Dreams,The Moody Blues,303
1617,Come Out and Play,The Offspring,255
1618,Self Esteem,The Offspring,122
1619,Your Love,Outfield,209
1620,Driven to Tears,The Police,347
1621,Every Breath You Take,Police,138
1622,EVERY LITTLE THING SHE DOES,POLICE,213
1623,Every Little Thing She Does Is Magic,Police,270
1624,Invisible Sun,Police,185
1625,King Of Pain,Police,244
1626,Message In A Bottle,Police,170
1627,Roxanne,Police,132
1628,So Lonely,Police,199
1629,Spirits In The Material World,Police,247
1630,Synchronicity Ii,Police,180
1631,Walking On The Moon,Police,224
1632,Wrapped Around Your Finger,Police,301
1633,Some Like It Hot,The Power Station,294
1634,Back On The Chain Gang,Pretenders,220
1635,Brass In Pocket,Pretenders,157
1636,Message of Love,Pretenders,261
1637,Middle Of The Road,Pretenders,190
1638,My City Was Gone,Pretenders,211
1639,Mystery Achievement,Pretenders,307
1640,TALK OF THE TOWN,PRETENDERS,263
1641,BLITSKREIG BOP,THE RAMONES,244
1642,Blitzkrieg Bop,Ramones,251
1643,I Wanna Be Sedated,Ramones,121
1644,Rockaway Beach,Ramones,235
1645,Teenage Lobotomy,Ramones,317
1646,TALKING IN YOUR SLEEP,ROMANTICS,331
1647,What I Like About You,Romantics,297
1648,Itchycoo Park,The Small Faces,265
1649,A Girl Like You,The Smithereens,175
1650,Dirty Water,The Standells,318
1651,End of the Line,The Traveling Wilburys,346
1652,Handle with Care,The Traveling Wilburys,180
1653,Tweeter and the Monkey Man,The Traveling Wilburys,176
1654,Talk To Ya Later,The Tubes,273
1655,One Headlight,The Wallflowers,321
1656,Seven Nation Army,The White Stripes,251
1657,ANOTHER TRICKY DAY,WHO,199
1658,Athena,The Who,357
1659,Bargain,The Who,302
1660,Behind Blue Eyes,The Who,310
1661,Eminence Front,The Who,156
1662,Getting In Tune,Who,193
1663,Going Mobile,The Who,310
1664,Happy Jack,The Who,236
1665,I Can See For Miles,The Who,179
1666,Join Together,The Who,283
1667,Long Live Rock,The Who,271
1668,Magic Bus,The Who,201
1669,My Generation,The Who,171
1670,Pinball Wizard,The Who,200
1671,Squeeze Box,The Who,287
1672,SQUEEZEBOX,WHO,212
1673,Substitute,Who,144
1674,The Kids Are Alright,The Who,202
1675,The Real Me,The Who,164
1676,THE SEEKER,WHO,264
1677,THE SONG IS OVER,WHO,315
1678,Who Are You,The Who,252
1679,You Better You Bet,The Who,221
1680,Get Together,The Youngbloods,265
1681,BOYS ARE BACK IN TOWN,THIN LIZZY,135
1682,The Cowboy Song,Thin Lizzy,144
1683,Something In the Air,Thunderclap Newman,224
1684,Bang the Drum,Todd Rundgren,245
1685,Bang the Drum All Day,Todd Rundgren,307
1686,I Saw the Light,Todd Rundgren,163
1687,We Gotta Get You a Woman,Todd Rundgren,124
1688,Life Is a Highway,Tom Cochrane,196
1689,A Face In The Crowd,Tom Petty,318
1690,A Woman In Love,Tom Petty & The Heartbreakers,122
1691,American Dream Plan B,Tom Petty & the Heartbreakers,303
1692,American Girl,Tom Petty,294
1693,Change of Heart,Tom Petty & The Heartbreakers,213
1694,Even the Losers,Tom Petty,321
1695,Here Comes My Girl,Tom Petty,145
1696,I Need to Know,Tom Petty,338
1697,Into the Great Wide Open,Tom Petty,334
1698,Listen To Your Heart,Tom Petty,261
1699,REFUGEE,TOM PETTY,192
1700,THE WAITING,TOM PETTY,330
1701,The Waiting   1981,Tom Petty,354
1702,WAITING,TOM PETTY & THE HEARTBREAKERS,278
1703,U GET ME HIGH,TOM PETTY,262
1704,Yer So Bad,Tom Petty,252
1705,You Get Me High,Tom Petty,284
1706,You Got Lucky,Tom Petty,272
1707,You Wreck Me,Tom Petty,279
1708,If You Could Only See,Tonic,337
1709,AFRICA,TOTO,253
1710,Hold The Line,TOTO,295
1711,Empty Pages,Traffic,155
1712,Medicated Goo,Traffic,358
1713,Medusa,Trapeze,173
1714,Fight The Good Fight,Triumph,208
1715,Hold On,Triumph,145
1716,I Can Survive,Triumph,353
1717,Lay It On the Line,Triumph,172
1718,Magic Power,Triumph,344
1719,Happy Together,Turtles,192
1720,I Wanna Rock,Twisted Sister,275
1721,Angel Of Harlem,U2,125
1722,Bad,U2,174
1723,Beautiful Day,U2,331
1724,Bullet the Blue Sky,U2,265
1725,Desire,U2,128
1726,Even Better Than the Real Thing,U2,257
1727,I Will Follow,U2,178
1728,Mysterious Ways,U2,267
1729,New Years Day,U2,150
1730,Sunday Bloody Sunday,U2,341
1731,Sweetest Thing,U2,311
1732,Vertigo,U2,156
1733,When Love Comes to Town,U2,312
1734,Where the Streets Have No Name,U2,235
1735,With Or Without You,U2,324
1736,Red Red Wine,UB40,159
1737,Too Hot To Handle,UFO,283
1738, Pretty Woman,Van Halen,157
1739,and the Cradle Will Rock,Van Halen,283
1740,Atomic Punk,Van Halen,151
1741,Beautiful Girls,Van Halen,295
1742,Best Of Both Worlds,Van Halen,322
1743,Black And Blue,Van Halen,300
1744,Dance the Night Away,Van Halen,258
1745,Dancing In The Street,Van Halen,186
1746,DANCING IN THE STREETS,VAN HALEN,309
1747,Drop Dead Legs,Van Halen,301
1748,Eruption,Van Halen,236
1749,Feel Your Love Tonight,Van Halen,181
